"id","geom","uprn","udprn","class","parent_uprn","x_coordinate","y_coordinate","latitude","longitude","country","legal_name","sub_building_name","building_name","building_number","usrn","usrn_match_indicator","area_name","street_description","dependent_thoroughfare","thoroughfare","welsh_dependent_thoroughfare","welsh_thoroughfare","double_dependent_locality","dependent_locality","locality","welsh_dependent_locality","welsh_double_dependent_locality","town_name","administrative_area","post_town","welsh_post_town","postcode","postcode_locator","postcode_type","delivery_point_suffix","addressbase_postal","po_box_number","ward_code","parish_code","multi_occ_count","class_1","ex_polygon_id","l2_polygon_id","l4_polygon_id","target_release_date","build_status"
"25439602-dc36-48d6-9f02-3f4deafd3d5f",,,"25397416",,,,,,,,,,,,,,,,,,,,,,,,,,,,,,,,,,,,,,,40652,135,9784,,
"f0021bd7-599a-45e7-9e60-7f458686ed41",,,"25396167",,,,,,,,,,,,,,,,,,,,,,,,,,,,,,,,,,,,,,,40652,135,9784,,
"5695d5a4-1439-48ad-a8a4-3c1b7f89553a",,,"25396161",,,,,,,,,,,,,,,,,,,,,,,,,,,,,,,,,,,,,,,40652,135,9784,,
"6e635776-cb0d-48cf-9608-f8d35909bd0b",,,"25397310",,,,,,,,,,,,,,,,,,,,,,,,,,,,,,,,,,,,,,,40652,135,9784,,
"78c32c70-6772-4732-8aa9-5d145fcec6f0",,,"25397378",,,,,,,,,,,,,,,,,,,,,,,,,,,,,,,,,,,,,,,40652,135,9784,,
"32b14fea-9163-4ab8-9147-1f9bf39ab82c",,,"25396178",,,,,,,,,,,,,,,,,,,,,,,,,,,,,,,,,,,,,,,40652,135,9784,,
"1bbc17a9-5624-4021-9943-91f6fd70040f",,,"25397300",,,,,,,,,,,,,,,,,,,,,,,,,,,,,,,,,,,,,,,40652,135,9784,,
"268c9cea-dcb5-49cd-a46d-8e4654eee91b",,,"25396180",,,,,,,,,,,,,,,,,,,,,,,,,,,,,,,,,,,,,,,40652,135,9784,,
"042bf250-d1de-4ed2-80c7-c6e169bc2307",,,"25396100",,,,,,,,,,,,,,,,,,,,,,,,,,,,,,,,,,,,,,,40652,135,9784,,
"e0e17559-67ff-40b6-b286-5d3029851a6c",,,"25397311",,,,,,,,,,,,,,,,,,,,,,,,,,,,,,,,,,,,,,,40652,135,9784,,
"3151d968-9e0f-401f-a322-4d46f9efb6d3",,,"25396098",,,,,,,,,,,,,,,,,,,,,,,,,,,,,,,,,,,,,,,40652,135,9784,,
"2179bf31-5515-4bd9-9ebe-ceb279efd7c1",,,"6969024",,,,,,,,,,,,,,,,,,,,,,,,,,,,,,,,,,,,,,,40652,135,9784,,
"c2063302-b040-4a5b-9643-09562404f4c3",,,"6970861",,,,,,,,,,,,,,,,,,,,,,,,,,,,,,,,,,,,,,,40652,135,9784,,
"0498529f-90c3-4c5a-b782-9fc784169cc5",,,"6970878",,,,,,,,,,,,,,,,,,,,,,,,,,,,,,,,,,,,,,,40652,135,9784,,
"4659f09d-d3c7-44ca-814d-42d7565a1318",,,"6970864",,,,,,,,,,,,,,,,,,,,,,,,,,,,,,,,,,,,,,,40652,135,9784,,
"810a5c76-45f0-4628-bdb7-78bd94e0d3f0",,,"6970890",,,,,,,,,,,,,,,,,,,,,,,,,,,,,,,,,,,,,,,40652,135,9784,,
"e4d3dc7a-b56c-46f4-86a1-be364a6b2d4d",,,"6970893",,,,,,,,,,,,,,,,,,,,,,,,,,,,,,,,,,,,,,,40652,135,9784,,
"a3d880c7-e24f-46bc-bbe3-1e361ab14994",,,"6969016",,,,,,,,,,,,,,,,,,,,,,,,,,,,,,,,,,,,,,,40652,135,9784,,
"13fb9089-2551-410c-90d8-7361b0605ca6",,,"28314797",,,,,,,,,,,,,,,,,,,,,,,,,,,,,,,,,,,,,,,40652,135,9784,,
"226fa620-5907-4de4-a2c2-5bfa4ec642d2",,,"23213488",,,,,,,,,,,,,,,,,,,,,,,,,,,,,,,,,,,,,,,40652,135,9784,,
"cc5db7f0-39d4-4f0d-95a9-ba5a9b0c6d1d",,,"28314850",,,,,,,,,,,,,,,,,,,,,,,,,,,,,,,,,,,,,,,40652,135,9784,,
"a8fda320-06df-4b5d-8bcd-8942c051206b",,,"28314802",,,,,,,,,,,,,,,,,,,,,,,,,,,,,,,,,,,,,,,40652,135,9784,,
"14084385-e62a-43b4-92ca-85fad72946a0",,,"25396206",,,,,,,,,,,,,,,,,,,,,,,,,,,,,,,,,,,,,,,40652,135,9784,,
"c8a3238a-17a4-48bb-bef3-9ecc1994f4ae",,,"28314855",,,,,,,,,,,,,,,,,,,,,,,,,,,,,,,,,,,,,,,40652,135,9784,,
"1307cfe4-3adc-446d-bb5e-f27c87701a60",,,"25396205",,,,,,,,,,,,,,,,,,,,,,,,,,,,,,,,,,,,,,,40652,135,9784,,
"8d9bcc56-9db9-41f6-b7e7-b6fb7ca7fac7",,,"28314799",,,,,,,,,,,,,,,,,,,,,,,,,,,,,,,,,,,,,,,40652,135,9784,,
"7de0691e-7b2a-47dd-b5fe-dcca7fa88ab0",,,"28314803",,,,,,,,,,,,,,,,,,,,,,,,,,,,,,,,,,,,,,,40652,135,9784,,
"d0285756-e0ad-45e7-bc0e-94debd6b5115",,,"28314859",,,,,,,,,,,,,,,,,,,,,,,,,,,,,,,,,,,,,,,40652,135,9784,,
"ab6e3d88-3abe-430f-b2ed-66e0a2a085e2",,,"25396210",,,,,,,,,,,,,,,,,,,,,,,,,,,,,,,,,,,,,,,40652,135,9784,,
"434c2cb3-95ff-42a0-9860-41c9c1bf1879",,,"28314854",,,,,,,,,,,,,,,,,,,,,,,,,,,,,,,,,,,,,,,40652,135,9784,,
"0871d855-d7a6-4d6b-b930-27ccd669b62a",,,"28314860",,,,,,,,,,,,,,,,,,,,,,,,,,,,,,,,,,,,,,,40652,135,9784,,
"e97b6b94-bc66-4636-9807-f2a8f3fdfa5f",,,"28314853",,,,,,,,,,,,,,,,,,,,,,,,,,,,,,,,,,,,,,,40652,135,9784,,
"a8879292-2f56-499d-ab0f-3a6d89470356",,,"28314792",,,,,,,,,,,,,,,,,,,,,,,,,,,,,,,,,,,,,,,40652,135,9784,,
"4a7460a1-241a-4c84-83ab-2c459a825a0c",,,"23213478",,,,,,,,,,,,,,,,,,,,,,,,,,,,,,,,,,,,,,,40652,135,9784,,
"f0aedf31-e2da-4fb5-81fe-ed8b7533e63f",,,"23213479",,,,,,,,,,,,,,,,,,,,,,,,,,,,,,,,,,,,,,,40652,135,9784,,
"6d3f4835-5ace-4c49-8244-b8b154cdb124",,,"23213476",,,,,,,,,,,,,,,,,,,,,,,,,,,,,,,,,,,,,,,40652,135,9784,,
"8f194dea-24ee-4c43-b874-4facc7f81548",,,"23226746",,,,,,,,,,,,,,,,,,,,,,,,,,,,,,,,,,,,,,,40652,135,9784,,
"df3158bd-e20e-4c18-87c5-a0fbf7258bc6",,,"23225923",,,,,,,,,,,,,,,,,,,,,,,,,,,,,,,,,,,,,,,40652,135,9784,,
"f8570d23-4326-4ec5-bc1d-e3c2a4666f80",,,"23219524",,,,,,,,,,,,,,,,,,,,,,,,,,,,,,,,,,,,,,,40652,135,9784,,
"b12444af-047e-4f1e-85b6-a6b10604a8f8",,,"55090514",,,,,,,,,,,,,,,,,,,,,,,,,,,,,,,,,,,,,,,40652,135,9784,,
"c154e5a5-1a04-4e9e-8c9a-75d11336f06d",,,"23219811",,,,,,,,,,,,,,,,,,,,,,,,,,,,,,,,,,,,,,,40652,135,9784,,
"c6497da0-29d0-4f9a-852a-75ee672b98d5",,,"23226787",,,,,,,,,,,,,,,,,,,,,,,,,,,,,,,,,,,,,,,40652,135,9784,,
"a6fc1ef0-30bc-4623-8c94-7514958f656d",,,"23217743",,,,,,,,,,,,,,,,,,,,,,,,,,,,,,,,,,,,,,,40652,135,9784,,
"b4c9ee87-0439-4644-ad8e-1e07c7dcbbf6",,,"23219507",,,,,,,,,,,,,,,,,,,,,,,,,,,,,,,,,,,,,,,40652,135,9784,,
"9b2feced-180e-4a21-a9a2-ce01a1e0b690",,,"23218218",,,,,,,,,,,,,,,,,,,,,,,,,,,,,,,,,,,,,,,40652,135,9784,,
"2ae9937d-264f-480e-9319-65e8d44fa6b2",,,"23221896",,,,,,,,,,,,,,,,,,,,,,,,,,,,,,,,,,,,,,,40652,135,9784,,
"932eeb37-05db-4582-bdec-46a42fa6f474",,,"23218577",,,,,,,,,,,,,,,,,,,,,,,,,,,,,,,,,,,,,,,40652,135,9784,,
"6611e082-4b98-4316-9759-6d685f15f509",,,"23221733",,,,,,,,,,,,,,,,,,,,,,,,,,,,,,,,,,,,,,,40652,135,9784,,
"be248b32-5de0-4d7c-a89b-fba2cb3b87c3",,,"23221730",,,,,,,,,,,,,,,,,,,,,,,,,,,,,,,,,,,,,,,40652,135,9784,,
"f4c437bf-005b-4ae4-af8e-a30773409417",,,"23218180",,,,,,,,,,,,,,,,,,,,,,,,,,,,,,,,,,,,,,,40652,135,9784,,
"06768142-fc1a-47bd-a034-7aa134911fa6",,,"23220690",,,,,,,,,,,,,,,,,,,,,,,,,,,,,,,,,,,,,,,40652,135,9784,,
"bb2e4350-9a2f-406a-b919-5fceba2eaa45",,,"55090513",,,,,,,,,,,,,,,,,,,,,,,,,,,,,,,,,,,,,,,40652,135,9784,,
"de088e24-91a7-428f-b3c9-2d2a24667772",,,"23225924",,,,,,,,,,,,,,,,,,,,,,,,,,,,,,,,,,,,,,,40652,135,9784,,
"9056aa3d-e33a-41e5-a2b3-0648243ab21f",,,"23225422",,,,,,,,,,,,,,,,,,,,,,,,,,,,,,,,,,,,,,,40652,135,9784,,
"ff913c7b-7d90-461d-8a64-27e8c5648c02",,,"23226737",,,,,,,,,,,,,,,,,,,,,,,,,,,,,,,,,,,,,,,40652,135,9784,,
"4f97361b-7a8b-41c1-9840-4476ea516c40",,,"55090515",,,,,,,,,,,,,,,,,,,,,,,,,,,,,,,,,,,,,,,40652,135,9784,,
"094649ca-8b14-4164-9e04-9177745eb694",,,"23219523",,,,,,,,,,,,,,,,,,,,,,,,,,,,,,,,,,,,,,,40652,135,9784,,
"a7a80965-f96c-4bcf-9741-a225c70e97b5",,,"23225922",,,,,,,,,,,,,,,,,,,,,,,,,,,,,,,,,,,,,,,40652,135,9784,,
"7edad094-2b23-45c1-90c7-0b4cebb6d478",,,"23219506",,,,,,,,,,,,,,,,,,,,,,,,,,,,,,,,,,,,,,,40652,135,9784,,
"a521c890-4d6a-49b3-84be-893e9480617e",,,"23221736",,,,,,,,,,,,,,,,,,,,,,,,,,,,,,,,,,,,,,,40652,135,9784,,
"71b588ac-7182-48cb-b351-91d9f4fe0c2b",,,"23226784",,,,,,,,,,,,,,,,,,,,,,,,,,,,,,,,,,,,,,,40652,135,9784,,
"97e4dd6d-1ea6-430e-8086-a528d7dad5af",,,"23226784",,,,,,,,,,,,,,,,,,,,,,,,,,,,,,,,,,,,,,,40652,135,9784,,
"39d7a018-bac8-4131-8f5b-f602d68a2ec6",,,"23219526",,,,,,,,,,,,,,,,,,,,,,,,,,,,,,,,,,,,,,,40652,135,9784,,
"41a43f4a-a37b-4ea3-a024-20d470fe322c",,,"23212818",,,,,,,,,,,,,,,,,,,,,,,,,,,,,,,,,,,,,,,40652,135,9784,,
"5c02c772-ffb2-4b98-82c8-23c4a5c67bb3",,,"23225419",,,,,,,,,,,,,,,,,,,,,,,,,,,,,,,,,,,,,,,40652,135,9784,,
"7f82ef83-770f-48b5-bdd3-8d8d1dffe3ce",,,"23226779",,,,,,,,,,,,,,,,,,,,,,,,,,,,,,,,,,,,,,,40652,135,9784,,
"7ddc7bc4-81aa-45cf-abb5-7d48c037d7bf",,,"23212899",,,,,,,,,,,,,,,,,,,,,,,,,,,,,,,,,,,,,,,40652,135,9784,,
"f5442a65-ffca-4370-ae51-fce5c5477ab1",,,"23226742",,,,,,,,,,,,,,,,,,,,,,,,,,,,,,,,,,,,,,,40652,135,9784,,
"796b0607-a77a-45ce-b485-72fafec14c5c",,,"23212891",,,,,,,,,,,,,,,,,,,,,,,,,,,,,,,,,,,,,,,40652,135,9784,,
"bb27d725-02c6-4e3b-82cb-f25c8254f5b7",,,"23212870",,,,,,,,,,,,,,,,,,,,,,,,,,,,,,,,,,,,,,,40652,135,9784,,
"e2ad3ed2-e029-4d8e-91d7-6947c63cb40a",,,"23226175",,,,,,,,,,,,,,,,,,,,,,,,,,,,,,,,,,,,,,,40652,135,9784,,
"4cbc315f-8f5f-4b8f-8e1a-18e80d45f262",,,"23218182",,,,,,,,,,,,,,,,,,,,,,,,,,,,,,,,,,,,,,,40652,135,9784,,
"291a0b6c-ed11-4ff4-a94c-e8473af2ba78",,,"6970902",,,,,,,,,,,,,,,,,,,,,,,,,,,,,,,,,,,,,,,40652,167,8941,,
"f5ba86f2-6e2b-4f65-ac34-39ec953f8cbd",,,"6970909",,,,,,,,,,,,,,,,,,,,,,,,,,,,,,,,,,,,,,,40652,167,8941,,
"97c2ac5f-8ad9-49dd-a65e-098852568a00",,,"6970901",,,,,,,,,,,,,,,,,,,,,,,,,,,,,,,,,,,,,,,40652,167,8941,,
"16530fa5-454f-42aa-89fe-6572cfcee396",,,"6970912",,,,,,,,,,,,,,,,,,,,,,,,,,,,,,,,,,,,,,,40652,167,8941,,
"295969e4-4fb9-4a28-8efa-4b9c4c521a8f",,,"6970865",,,,,,,,,,,,,,,,,,,,,,,,,,,,,,,,,,,,,,,40652,167,8941,,
"064cb0c4-8163-41f6-b044-87d3f0656a87",,,"6970899",,,,,,,,,,,,,,,,,,,,,,,,,,,,,,,,,,,,,,,40652,167,8941,,
"031b7156-4b20-478b-acce-9d99e7971f0b",,,"23213433",,,,,,,,,,,,,,,,,,,,,,,,,,,,,,,,,,,,,,,40652,167,8941,,
"f06464de-8465-4b40-8a00-8a7b86858443",,,"23213428",,,,,,,,,,,,,,,,,,,,,,,,,,,,,,,,,,,,,,,40652,167,8941,,
"d356297e-04d7-417a-883f-6598c2854435",,,"23213429",,,,,,,,,,,,,,,,,,,,,,,,,,,,,,,,,,,,,,,40652,167,8941,,
"7d6c2ef1-bd31-4d2a-a74e-d96fa03a64a3",,,"23213437",,,,,,,,,,,,,,,,,,,,,,,,,,,,,,,,,,,,,,,40652,167,8941,,
"148b48c3-e193-43cc-88cb-3baafb775db7",,,"23213436",,,,,,,,,,,,,,,,,,,,,,,,,,,,,,,,,,,,,,,40652,167,8941,,
"5a2171a8-d41b-4eea-b3f4-5b7a393106ca",,,"28314847",,,,,,,,,,,,,,,,,,,,,,,,,,,,,,,,,,,,,,,40652,167,8941,,
"581eb55c-b167-44aa-869c-3651b0d0f8e5",,,"23213432",,,,,,,,,,,,,,,,,,,,,,,,,,,,,,,,,,,,,,,40652,167,8941,,
"7032920b-3c39-466f-96d5-3f9b69076300",,,"28314837",,,,,,,,,,,,,,,,,,,,,,,,,,,,,,,,,,,,,,,40652,167,8941,,
"186b1017-f5c5-4e88-bcb3-2b2356d56836",,,"28314838",,,,,,,,,,,,,,,,,,,,,,,,,,,,,,,,,,,,,,,40652,167,8941,,
"3dfbefd1-b199-4a42-b040-b3a6a13dd83f",,,"23221426",,,,,,,,,,,,,,,,,,,,,,,,,,,,,,,,,,,,,,,40652,167,8941,,
"19ea27a8-0c65-40b2-80b9-7ec2f847dcfe",,,"23214718",,,,,,,,,,,,,,,,,,,,,,,,,,,,,,,,,,,,,,,40652,167,8941,,
"c629c3c2-fb3a-470e-81c8-37170cbbd508",,,"23222010",,,,,,,,,,,,,,,,,,,,,,,,,,,,,,,,,,,,,,,40652,167,8941,,
"4360e205-b7cd-4df6-8722-a013d1852410",,,"23218969",,,,,,,,,,,,,,,,,,,,,,,,,,,,,,,,,,,,,,,40652,167,8941,,
"6f1b243e-26b8-4a36-a538-5f17c5bfbd41",,,"23218796",,,,,,,,,,,,,,,,,,,,,,,,,,,,,,,,,,,,,,,40652,167,8941,,
"6b1e17d9-b3a6-4edd-a5b2-f42dba7685e4",,,"23218427",,,,,,,,,,,,,,,,,,,,,,,,,,,,,,,,,,,,,,,40652,167,8941,,
"aa8edbcb-5e3c-4727-a901-458f6494d33e",,,"23218803",,,,,,,,,,,,,,,,,,,,,,,,,,,,,,,,,,,,,,,40652,167,8941,,
"6ae1bf29-8512-4e42-90e8-f753287ca538",,,"23216574",,,,,,,,,,,,,,,,,,,,,,,,,,,,,,,,,,,,,,,40652,167,8941,,
"50536a5b-2aa3-449c-af45-f0f8574d3d48",,,"23212745",,,,,,,,,,,,,,,,,,,,,,,,,,,,,,,,,,,,,,,40652,167,8941,,
"ec1fac3f-48d6-4fca-9660-e5a757bbb332",,,"23212745",,,,,,,,,,,,,,,,,,,,,,,,,,,,,,,,,,,,,,,40652,167,8941,,
"902467b7-d1b3-439e-99f0-cffdee005876",,,"23228107",,,,,,,,,,,,,,,,,,,,,,,,,,,,,,,,,,,,,,,40652,167,8941,,
"afe00501-d39b-4992-a7c2-24d688aec537",,,"23226600",,,,,,,,,,,,,,,,,,,,,,,,,,,,,,,,,,,,,,,40652,167,8941,,
"6096550e-2a64-405e-b968-b6ccd321f481",,,"23222057",,,,,,,,,,,,,,,,,,,,,,,,,,,,,,,,,,,,,,,40652,167,8941,,
"15ef5010-b37f-42e2-9c4c-3ab860be144c",,,"55090546",,,,,,,,,,,,,,,,,,,,,,,,,,,,,,,,,,,,,,,40652,167,8941,,
"a5da37a2-a8cd-47e3-936a-b7f0c02df642",,,"23221332",,,,,,,,,,,,,,,,,,,,,,,,,,,,,,,,,,,,,,,40652,167,8941,,
"d951a883-af2d-4622-bbe4-872807a474c5",,,"23226609",,,,,,,,,,,,,,,,,,,,,,,,,,,,,,,,,,,,,,,40652,167,8941,,
"90dfe76c-f3c4-4305-a4dc-d0d1f2eaf2c6",,,"23226557",,,,,,,,,,,,,,,,,,,,,,,,,,,,,,,,,,,,,,,40652,167,8941,,
"13ebfac3-e45e-42cf-ba6c-1e9ffad0257f",,,"23216342",,,,,,,,,,,,,,,,,,,,,,,,,,,,,,,,,,,,,,,40652,167,8941,,
"1f29d5d5-4866-459f-9d90-30ab53414961",,,"23218799",,,,,,,,,,,,,,,,,,,,,,,,,,,,,,,,,,,,,,,40652,167,8941,,
"ddabc692-f935-4e69-b663-564c7a7bd53f",,,"55090538",,,,,,,,,,,,,,,,,,,,,,,,,,,,,,,,,,,,,,,40652,167,8941,,
"48529827-5d61-49bc-aa6e-272d44803fc3",,,"23218802",,,,,,,,,,,,,,,,,,,,,,,,,,,,,,,,,,,,,,,40652,167,8941,,
"09fd0e6d-8046-4098-85c8-d520bff839b1",,,"23228111",,,,,,,,,,,,,,,,,,,,,,,,,,,,,,,,,,,,,,,40652,167,8941,,
"f1754248-fd75-4bab-9cfc-a17c5834d342",,,"23212827",,,,,,,,,,,,,,,,,,,,,,,,,,,,,,,,,,,,,,,40652,167,8941,,
"3261d1d6-43c0-4565-8bf4-6956c0267aed",,,"23212864",,,,,,,,,,,,,,,,,,,,,,,,,,,,,,,,,,,,,,,40652,167,8941,,
"62678594-bba4-45ea-a2fa-1f3a0197182a",,,"23220776",,,,,,,,,,,,,,,,,,,,,,,,,,,,,,,,,,,,,,,40652,167,8941,,
"63d3cc36-bdbb-4173-bab3-0a63a515e898",,,"23218361",,,,,,,,,,,,,,,,,,,,,,,,,,,,,,,,,,,,,,,40652,167,8941,,
"278ab07e-4ae6-426c-a7a4-276df23ac7c7",,,"23219152",,,,,,,,,,,,,,,,,,,,,,,,,,,,,,,,,,,,,,,40652,167,8941,,
"209732b1-52d1-4823-91db-35c8c26bf33c",,,"23214715",,,,,,,,,,,,,,,,,,,,,,,,,,,,,,,,,,,,,,,40652,167,8941,,
"4547612a-187a-4011-976c-fe7edd81e844",,,"23214779",,,,,,,,,,,,,,,,,,,,,,,,,,,,,,,,,,,,,,,40652,167,8941,,
"696c71fc-1424-4b26-a9a5-582bbd09d0e9",,,"23222068",,,,,,,,,,,,,,,,,,,,,,,,,,,,,,,,,,,,,,,40652,167,8941,,
"4aedbaf3-5d90-402c-bbfa-effd2c24e148",,,"55090540",,,,,,,,,,,,,,,,,,,,,,,,,,,,,,,,,,,,,,,40652,167,8941,,
"d2c65b94-9c44-47e0-a256-6168b693cd47",,,"23216532",,,,,,,,,,,,,,,,,,,,,,,,,,,,,,,,,,,,,,,40652,167,8941,,
"66cc8d9e-f77e-44fc-ad2d-2b4fe9f6f1c3",,,"23218426",,,,,,,,,,,,,,,,,,,,,,,,,,,,,,,,,,,,,,,40652,167,8941,,
"67e3e01c-cfea-479d-b8dc-e4227e42e3cd",,,"23212871",,,,,,,,,,,,,,,,,,,,,,,,,,,,,,,,,,,,,,,40652,167,8941,,
"e02d5df2-1800-427c-878b-1a355b391385",,,"23226550",,,,,,,,,,,,,,,,,,,,,,,,,,,,,,,,,,,,,,,40652,167,8941,,
"df3c71a2-f3c1-44ba-b2d4-338ed95b330c",,,"23216528",,,,,,,,,,,,,,,,,,,,,,,,,,,,,,,,,,,,,,,40652,167,8941,,
"3733f5fd-dd81-42f5-864e-63c97e0729fa",,,"23221793",,,,,,,,,,,,,,,,,,,,,,,,,,,,,,,,,,,,,,,40652,167,8941,,
"28ae0165-8f49-4d7e-95dd-0c80d7b34f51",,,"23216523",,,,,,,,,,,,,,,,,,,,,,,,,,,,,,,,,,,,,,,40652,167,8941,,
"af63b665-70bb-410d-bff3-641fc58c21a7",,,"23218875",,,,,,,,,,,,,,,,,,,,,,,,,,,,,,,,,,,,,,,40652,167,8941,,
"234be99e-cd2e-477b-9c55-f39b997e7e3a",,,"55090550",,,,,,,,,,,,,,,,,,,,,,,,,,,,,,,,,,,,,,,40652,167,8941,,
"729309e9-61f1-4ada-8195-0823cfa991d3",,,"23216525",,,,,,,,,,,,,,,,,,,,,,,,,,,,,,,,,,,,,,,40652,167,8941,,
"51006e20-ca7a-40bf-814b-c362edb1d68b",,,"23218773",,,,,,,,,,,,,,,,,,,,,,,,,,,,,,,,,,,,,,,40652,167,8941,,
"245efc4c-58cb-4e91-961d-3424a0d2e616",,,"23226561",,,,,,,,,,,,,,,,,,,,,,,,,,,,,,,,,,,,,,,40652,167,8941,,
"40f03654-bfa1-4cf8-94e2-5b705d7ac471",,,"23216536",,,,,,,,,,,,,,,,,,,,,,,,,,,,,,,,,,,,,,,40652,167,8941,,
"d09b4a24-b0d5-49e8-8169-04eb1714fe57",,,"23221766",,,,,,,,,,,,,,,,,,,,,,,,,,,,,,,,,,,,,,,40652,167,8941,,
"a0379454-9bd8-4727-a48a-e1d17e0976aa",,,"23215388",,,,,,,,,,,,,,,,,,,,,,,,,,,,,,,,,,,,,,,40652,167,8941,,
"cd85b67b-4678-4656-bb0a-6a1bb55df1ba",,,"23221408",,,,,,,,,,,,,,,,,,,,,,,,,,,,,,,,,,,,,,,40652,167,8941,,
"3316c4a5-7a75-46c7-b97b-f077f4a5dc99",,,"23218967",,,,,,,,,,,,,,,,,,,,,,,,,,,,,,,,,,,,,,,40652,167,8941,,
"a8f74b3d-6ebf-4cea-84b3-e437cd5caaed",,,"23218689",,,,,,,,,,,,,,,,,,,,,,,,,,,,,,,,,,,,,,,40652,167,8941,,
"ec94c036-2f58-43f3-863b-f80fe5576641",,,"23219153",,,,,,,,,,,,,,,,,,,,,,,,,,,,,,,,,,,,,,,40652,167,8941,,
"1c459043-56c0-40d1-951e-3deab948a722",,,"23221425",,,,,,,,,,,,,,,,,,,,,,,,,,,,,,,,,,,,,,,40652,167,8941,,
"b3493b66-80b9-40d3-a018-026edb8412ad",,,"23221764",,,,,,,,,,,,,,,,,,,,,,,,,,,,,,,,,,,,,,,40652,167,8941,,
"27217567-4a9d-4151-85cf-ab47696e0701",,,"23216348",,,,,,,,,,,,,,,,,,,,,,,,,,,,,,,,,,,,,,,40652,167,8941,,
"bd4b5453-ba87-430f-bd94-386a46077fb5",,,"23212875",,,,,,,,,,,,,,,,,,,,,,,,,,,,,,,,,,,,,,,40652,167,8941,,
"82be5fb4-9e67-4ec6-b017-856135dc7924",,,"23222217",,,,,,,,,,,,,,,,,,,,,,,,,,,,,,,,,,,,,,,40652,167,8941,,
"d16483c5-236b-41c5-8a8f-0b6481c61096",,,"23212585",,,,,,,,,,,,,,,,,,,,,,,,,,,,,,,,,,,,,,,40652,167,8941,,
"db507298-159d-4fdf-87da-1f9309bd7e57",,,"23212830",,,,,,,,,,,,,,,,,,,,,,,,,,,,,,,,,,,,,,,40652,167,8941,,
"c5df3c28-b9bd-4d24-8c8f-94f26b17a367",,,"55090536",,,,,,,,,,,,,,,,,,,,,,,,,,,,,,,,,,,,,,,40652,167,8941,,
"5242eac0-5243-4ff3-a444-f3ec7d720ec6",,,"23226748",,,,,,,,,,,,,,,,,,,,,,,,,,,,,,,,,,,,,,,40652,167,8941,,
"ca57f68a-5480-4857-9b78-653442060961",,,"23212798",,,,,,,,,,,,,,,,,,,,,,,,,,,,,,,,,,,,,,,40652,167,8941,,
"f9636763-c6ca-4a04-9a05-9cf793e00454",,,"23214717",,,,,,,,,,,,,,,,,,,,,,,,,,,,,,,,,,,,,,,40652,167,8941,,
"345f2a89-064c-4c71-9b29-8765b786e64d",,,"23226553",,,,,,,,,,,,,,,,,,,,,,,,,,,,,,,,,,,,,,,40652,167,8941,,
"893d41eb-257b-41d3-a34e-e355d08ff9b0",,,"23220662",,,,,,,,,,,,,,,,,,,,,,,,,,,,,,,,,,,,,,,40652,167,8941,,
"0bc20726-4312-4461-969a-12d533021341",,,"23218876",,,,,,,,,,,,,,,,,,,,,,,,,,,,,,,,,,,,,,,40652,167,8941,,
"4e7970c7-9353-45b5-9f99-38486a2b16a0",,,"6968449",,,,,,,,,,,,,,,,,,,,,,,,,,,,,,,,,,,,,,,40652,167,8941,,
"94f5770d-cec0-427f-9fa9-47ff4398899a",,,"6969010",,,,,,,,,,,,,,,,,,,,,,,,,,,,,,,,,,,,,,,40652,113,8567,,
"c897b9d1-1093-499a-ac99-f281346897ff",,,"6969009",,,,,,,,,,,,,,,,,,,,,,,,,,,,,,,,,,,,,,,40652,113,8567,,
"2666ea59-fee9-4500-8cf1-b68f40433879",,,"25397452",,,,,,,,,,,,,,,,,,,,,,,,,,,,,,,,,,,,,,,40652,113,8567,,
"568d7649-d9ba-44dd-901f-c4c0bd869468",,,"25396211",,,,,,,,,,,,,,,,,,,,,,,,,,,,,,,,,,,,,,,40652,113,8567,,
"d62b9a9b-d855-48b9-bd00-7045d5ffeb6e",,,"25396212",,,,,,,,,,,,,,,,,,,,,,,,,,,,,,,,,,,,,,,40652,113,8567,,
"882db97e-bbc7-4d0e-b41d-a15969ae2d6a",,,"25397456",,,,,,,,,,,,,,,,,,,,,,,,,,,,,,,,,,,,,,,40652,113,8567,,
"a429ccef-8253-4454-9723-cb820e0e6baa",,,"25397462",,,,,,,,,,,,,,,,,,,,,,,,,,,,,,,,,,,,,,,40652,113,8567,,
"a0dce13a-d021-410b-bf85-11cfc04bbd8a",,,"25396359",,,,,,,,,,,,,,,,,,,,,,,,,,,,,,,,,,,,,,,40652,113,8567,,
"c956828d-0bf2-4a5b-8db9-ec2bc44b7459",,,"23222015",,,,,,,,,,,,,,,,,,,,,,,,,,,,,,,,,,,,,,,40652,113,8567,,
"799a48e7-dee8-4a34-9d06-4af77c7767ee",,,"23218695",,,,,,,,,,,,,,,,,,,,,,,,,,,,,,,,,,,,,,,40652,113,8567,,
"dedc82a6-9e6d-4e0a-bb9d-184ca98f1b17",,,"6968485",,,,,,,,,,,,,,,,,,,,,,,,,,,,,,,,,,,,,,,40652,113,8567,,
"b1781915-2cdf-4837-8117-31cab5d0597e",,,"6968493",,,,,,,,,,,,,,,,,,,,,,,,,,,,,,,,,,,,,,,40652,113,8567,,
"a176ca72-ecc4-4d63-84dd-141e3b17f579",,,"6968497",,,,,,,,,,,,,,,,,,,,,,,,,,,,,,,,,,,,,,,40652,113,8567,,
"7b4dfc88-2758-4ee1-9394-19af2585af50",,,"23218698",,,,,,,,,,,,,,,,,,,,,,,,,,,,,,,,,,,,,,,40652,113,8567,,
"9af97180-c88b-436d-9232-c9dc2dda6a57",,,"6968486",,,,,,,,,,,,,,,,,,,,,,,,,,,,,,,,,,,,,,,40652,113,8567,,
"74cfd802-defd-4926-b94f-f46101b19fd6",,,"6968487",,,,,,,,,,,,,,,,,,,,,,,,,,,,,,,,,,,,,,,40652,113,8567,,
"dcbc87f3-641e-41d4-8fc1-2e13f586c052",,,"23218201",,,,,,,,,,,,,,,,,,,,,,,,,,,,,,,,,,,,,,,40652,113,8567,,
"c7756712-f4c7-42e4-9866-a18941091dd3",,,"6968489",,,,,,,,,,,,,,,,,,,,,,,,,,,,,,,,,,,,,,,40652,113,8567,,